Auto Body Tech, 3145 Grand Ave Waukegan IL 60085
Body Works, 1060 W Lake St Roselle IL 60172
Bypass Collision Center, 2300 E Clear Lake Ave Springfield IL 62703
Central Collision, 530 Zenith Dr Glenview IL 60025
Corcoran's Auto Body, 3105 Collins St Rockford IL 61109
Freddy's Auto Body, 9408 Ogden Ave Brookfield IL 60513
Collision Boss Inc., 5240 Baseline Rd Oswego IL 60543
Auto Art, 9356 Franklin Ave Franklin Park IL 60131
Y Not Auto Body, 211 Beeline Dr Bensenville IL 60106
Classic Images, 980 N Washington Ave Kankakee IL 60901
GDL Auto Body, 16510 Crawford Ave Country Club Hills IL 60478
Grand Ave Auto Body, 4540 W Haddon Ave Chicago IL 60651
JR Auto Body, 14535 S Halsted St Riverdale IL 60827
Miles Chevrolet, 150 W Pershing Rd Decatur IL 62526
Procision Auto Body, 2701 SW Adams St Peoria IL 61602
Preffered Auto Body, 6915 S Ashland Ave Chicago IL 60636
N & J Body Shop & Auto Repairs, 5927 W 87th St Oak Lawn IL 60453
Crystal Shine Body Shop Inc, 12036 S Spaulding School Dr Plainfield IL 60585
Courtesy Ford, 231 W Main St Danville IL 61832
Siegler's Auto Center, 7501 Lincoln Ave Skokie IL 60076
South End Auto Rebuilders, 3741 W Columbus Ave Chicago IL 60652
Sullivan-Parkhill Automotive, 440 W Anthony Dr Champaign IL 61822
United Collision & Customs, 3003 S State St Lockport IL 60441
3J Auto Body, 2301 E. Oakton #7 Arlington Heights IL 60005
