Alaska,Orientation,,
Aleutians East,Plaintiff ,,
Aleutians West,Plaintiff ,,
Anchorage,Neutral,,
Bethel,Plaintiff ,,
Bristol Bay,Plaintiff ,,
Denali,Defense,,
Dillingham,Plaintiff ,,
Fairbanks North Star,Defense,,
Haines,Neutral,,
Juneau,Neutral,,
Kenai Peninsula,Defense,,
Ketchikan Gateway,Neutral,,
Kodiak Island,Neutral,,
Lake And Peninsula,Plaintiff ,,
Matanuska-Susitna,Defense,,
Nome,Plaintiff ,,
North Slope,Plaintiff ,,
Northwest Arctic,Plaintiff ,,
Prince of Wales-Outer Ketchikan,Neutral,,
Sitka,Neutral,,
Skagway,Neutral,,
Southeast Fairbanks,Neutral,,
Valdez-Cordova,Neutral,,
Wade Hampton,Plaintiff ,,
Wrangell,Neutral,,
Yakutat,Neutral,,
,,,
