Missouri,Orientation
Adair,Defense
Andrew,Defense
Atchison,Defense
Audrain,Defense
Barry,Defense
Barton,Defense
Bates,Defense
Benton,Defense
Bollinger,Defense
Boone,Neutral
Buchanan,Neutral
Butler,Defense
Caldwell,Defense
Callaway,Defense
Camden,Neutral
Cape Girardeau,Neutral
Carroll,Defense
Carter,Defense
Cass,Defense
Cedar,Defense
Chariton,Defense
Christian,Neutral
Clark,Defense
Clay,Neutral
Clinton,Defense
Cole,Neutral
Cooper,Defense
Crawford,Defense
Dade,Defense
Dallas,Defense
Daviess,Defense
De Kalb,Defense
Dent,Defense
Douglas,Defense
Dunklin,Defense
Franklin,Neutral
Gasconade,Defense
Gentry,Defense
Greene,Neutral
Grundy,Defense
Harrison,Defense
Henry,Defense
Hickory,Defense
Holt,Defense
Howard,Defense
Howell,Defense
Iron,Defense
Jackson,Plaintiff
Jasper,Neutral
Jefferson,Defense
Johnson,Neutral
Knox,Defense
Laclede,Defense
Lafayette,Neutral
Lawrence,Defense
Lewis,Defense
Lincoln,Defense
Linn,Defense
Livingston,Defense
Macon,Defense
Madison,Defense
Maries,Defense
Marion,Defense
McDonald,Defense
Mercer,Defense
Miller,Defense
Mississippi,Defense
Moniteau,Defense
Monroe,Defense
Montgomery,Defense
Morgan,Defense
New Madrid,Defense
Newton,Defense
Nodaway,Defense
Oregon,Defense
Osage,Defense
Ozark,Defense
Pemiscot,Defense
Perry,Defense
Pettis,Defense
Phelps,Defense
Pike,Defense
Platte,Plaintiff
Polk,Defense
Pulaski,Neutral
Putnam,Defense
Ralls,Defense
Randolph,Defense
Ray,Defense
Reynolds,Defense
Ripley,Defense
St. Charles,Neutral
St. Clair,Defense
Ste. Genevieve,Defense
St. Francois,Defense
St. Louis,Neutral
St. Louis City,Plaintiff
Saline,Defense
Schuyler,Defense
Scotland,Defense
Scott,Defense
Shannon,Defense
Shelby,Defense
Stoddard,Defense
Stone,Defense
Sullivan,Defense
Taney,Defense
Texas,Defense
Vernon,Defense
Warren,Defense
Washington,Defense
Wayne,Defense
Webster,Defense
Worth,Defense
Wright,Defense
