Montana ,Orientation
Beaverhead,Neutral
Big Horn,Defense
Blaine,Defense
Broadwater,Neutral
Carbon,Defense
Carter,Defense
Cascade,Plaintiff
Chouteau,Defense
Custer,Defense
Daniels,Defense
Dawson,Defense
Deer Lodge,Plaintiff
Fallon,Defense
Fergus,Neutral
Flathead,Defense
Gallatin,Neutral
Garfield,Defense
Glacier,Defense
Golden Valley,Defense
Granite,Defense
Hill,Neutral
Jefferson,Neutral
Judith Basin,Defense
Lake,Neutral
Lewis And Clark,Neutral
Liberty,Defense
Lincoln,Neutral
Madison,Defense
McCone,Defense
Meagher,Defense
Mineral,Defense
Missoula,Neutral
Musselshell,Neutral
Park,Neutral
Petroleum,Defense
Phillips,Defense
Pondera,Defense
Powder River,Defense
Powell,Neutral
Prairie,Defense
Ravalli,Defense
Richland,Neutral
Roosevelt,Defense
Rosebud,Defense
Sanders,Defense
Sheridan,Defense
Silver Bow,Plaintiff
Stillwater,Neutral
Sweet Grass,Defense
Teton,Defense
Toole,Defense
Treasure,Defense
Valley,Defense
Wheatland,Defense
Wibaux,Defense
Yellowstone,Neutral
Yellowstone National Park,Defense
