North Dakota ,Orientation
Adams,Defense
Barnes,Defense
Benson,Defense
Billings,Defense
Bottineau,Defense
Bowman,Defense
Burke,Defense
Burleigh,Defense
Cass,Defense
Cavalier,Defense
Dickey,Defense
Divide,Defense
Dunn,Defense
Eddy,Defense
Emmons,Defense
Foster,Defense
Golden Valley,Defense
Grand Forks,Defense
Grant,Defense
Griggs,Defense
Hettinger,Defense
Kidder,Defense
LaMoure,Defense
Logan,Defense
McHenry,Defense
McIntosh,Defense
McKenzie,Defense
McLean,Defense
Mercer,Defense
Morton,Defense
Mountrail,Defense
Nelson,Defense
Oliver,Defense
Pembina,Defense
Pierce,Defense
Ramsey,Defense
Ransom,Defense
Renville,Defense
Richland,Defense
Rolette,Defense
Sargent,Defense
Sheridan,Defense
Sioux,Defense
Slope,Defense
Stark,Defense
Steele,Defense
Stutsman,Defense
Towner,Defense
Traill,Defense
Walsh,Defense
Ward,Defense
Wells,Defense
Williams,Defense
