Nebraska ,Orientation
Adams,Defense
Antelope,Defense
Arthur,Defense
Banner,Defense
Blaine,Defense
Boone,Defense
Box Butte,Defense
Boyd,Defense
Brown,Defense
Buffalo,Defense
Burt,Defense
Butler,Defense
Cass,Defense
Cedar,Defense
Chase,Defense
Cherry,Defense
Cheyenne,Defense
Clay,Defense
Colfax,Defense
Cuming,Defense
Custer,Defense
Dakota,Defense
Dawes,Defense
Dawson,Defense
Deuel,Defense
Dixon,Defense
Dodge,Defense
Douglas,Plaintiff
Dundy,Defense
Fillmore,Defense
Franklin,Defense
Frontier,Defense
Furnas,Defense
Gage,Defense
Garden,Defense
Garfield,Defense
Gosper,Defense
Grant,Defense
Greeley,Defense
Hall,Defense
Hamilton,Defense
Harlan,Defense
Hayes,Defense
Hitchcock,Defense
Holt,Defense
Hooker,Defense
Howard,Defense
Jefferson,Defense
Johnson,Defense
Kearney,Defense
Keith,Defense
Keya Paha,Defense
Kimball,Defense
Knox,Defense
Lancaster,Plaintiff
Lincoln,Defense
Logan,Defense
Loup,Defense
McPherson,Defense
Madison,Defense
Merrick,Defense
Morrill,Defense
Nance,Defense
Nemaha,Defense
Nuckolls,Defense
Otoe,Defense
Pawnee,Defense
Perkins,Defense
Phelps,Defense
Pierce,Defense
Platte,Defense
Polk,Defense
Red Willow,Defense
Richardson,Defense
Rock,Defense
Saline,Defense
Sarpy,Defense
Saunders,Defense
Scotts Bluff,Plaintiff
Seward,Defense
Sheridan,Defense
Sherman,Defense
Sioux,Defense
Stanton,Defense
Thayer,Defense
Thomas,Defense
Thurston,Defense
Valley,Defense
Washington,Defense
Wayne,Defense
Webster,Defense
Wheeler,Defense
